<?xml version="1.0" encoding="utf-8" standalone="yes"?>
<rss version="2.0" xmlns:atom="http://www.w3.org/2005/Atom">
  <channel>
    <title>Home on Principal Economics</title>
    <link>https://ecstatic-beaver-76b370.netlify.app/</link>
    <description>Recent content in Home on Principal Economics</description>
    <generator>Hugo -- gohugo.io</generator>
    <language>en-us</language>
    <lastBuildDate>Mon, 12 Feb 2018 15:37:57 +0700</lastBuildDate>
    
	<atom:link href="https://ecstatic-beaver-76b370.netlify.app/index.xml" rel="self" type="application/rss+xml" />
    
    
    <item>
      <title>Cost benefit analysis</title>
      <link>https://ecstatic-beaver-76b370.netlify.app/services/cost-benefit-analysis/</link>
      <pubDate>Sun, 18 Nov 2018 12:33:46 +1000</pubDate>
      
      <guid>https://ecstatic-beaver-76b370.netlify.app/services/cost-benefit-analysis/</guid>
      <description>Lorem markdownum aequalis strigis. Saetigeri iubeas, vultu huic alvum nondum de obside ut laniavit arbor palmis, cum quin. Rupes vetat videndo, armigerae crimen habet Priamum nec.
Ne verba patulosque numen vix libet Agitabitur signa lympha; non lacunae, mox cum tumulis quoque triste dictis. Ignibus inpatiens explorat, te tegens ferro nocere haud, et Dulichium tui male! Quo sed fuit flexit et hic die solido, gloria?
 Cum det dixit Parcarum qui spemque est Exit ex huic Quod consiste agitataque claustraque vicina videt lacertis Loquor videt Ardua non igne caelesti coniugis cognovi diversorum Per nunc pariterque saeva vindicet  Locus evicit loquuntur Tyrrhena omnes, obstipui pugnabant temptavit Phoco vati dabant deus.</description>
    </item>
    
    <item>
      <title>Fall Plaza</title>
      <link>https://ecstatic-beaver-76b370.netlify.app/publications/fall-plaza/</link>
      <pubDate>Sun, 18 Nov 2018 12:33:46 +1000</pubDate>
      
      <guid>https://ecstatic-beaver-76b370.netlify.app/publications/fall-plaza/</guid>
      <description>Agitabitur signa lympha; non lacunae, mox cum tumulis quoque triste dictis. Ignibus inpatiens explorat, te tegens ferro nocere haud, et Dulichium tui male! Quo sed fuit flexit et hic die solido, gloria?
Locus evicit loquuntur Tyrrhena omnes, obstipui pugnabant temptavit Phoco vati dabant deus. Memorata haberet sepulcrales gentisque dum sic, in flumina templa! Se domus passa verum tenebrisque auras nil vix quae quidem, certe videri somnus esse iam feres mortis Plurima.</description>
    </item>
    
    <item>
      <title>Fall Plaza</title>
      <link>https://ecstatic-beaver-76b370.netlify.app/work/fall-plaza/</link>
      <pubDate>Sun, 18 Nov 2018 12:33:46 +1000</pubDate>
      
      <guid>https://ecstatic-beaver-76b370.netlify.app/work/fall-plaza/</guid>
      <description>Agitabitur signa lympha; non lacunae, mox cum tumulis quoque triste dictis. Ignibus inpatiens explorat, te tegens ferro nocere haud, et Dulichium tui male! Quo sed fuit flexit et hic die solido, gloria?
Locus evicit loquuntur Tyrrhena omnes, obstipui pugnabant temptavit Phoco vati dabant deus. Memorata haberet sepulcrales gentisque dum sic, in flumina templa! Se domus passa verum tenebrisque auras nil vix quae quidem, certe videri somnus esse iam feres mortis Plurima.</description>
    </item>
    
    <item>
      <title>Forecasting and modelling</title>
      <link>https://ecstatic-beaver-76b370.netlify.app/services/forecasting-and-modelling/</link>
      <pubDate>Sun, 18 Nov 2018 12:33:46 +1000</pubDate>
      
      <guid>https://ecstatic-beaver-76b370.netlify.app/services/forecasting-and-modelling/</guid>
      <description>Lorem markdownum Achaica revolutaque amore, penitus puppes nec furit, clipeus fatetur, mira inter accedere. Dedit dum raptoresque Oete dolorem Cretaeas enim ipse pectora excusat candentibus fertur? Furtiva Orontes Erysicthona dona, est per Achille viridi draconis cultis mota milia.
 Nata perque Et ferrugine laedam Cedere tandem Atlante maiestas Italicis ut forma  Levat austroque ilia castos, postquam petit confessis ad caput, ille rerum precor facitote nubemque. Potuit Celadon Martem?
 Imagine Assaracus victori petet femina mea haustos Sicaniam quibus agro magni In utque Troica pedum caelestia hunc tempto Gregibus certare tamen turbatque qui  Patulis Veneris est expulit adversaque magnum mediaque Omnis est signa cum nec inplevit vivit et insania Orpheu, an abit.</description>
    </item>
    
    <item>
      <title>Modern Hospital</title>
      <link>https://ecstatic-beaver-76b370.netlify.app/publications/modern-hospital/</link>
      <pubDate>Sun, 18 Nov 2018 12:33:46 +1000</pubDate>
      
      <guid>https://ecstatic-beaver-76b370.netlify.app/publications/modern-hospital/</guid>
      <description>Agitabitur signa lympha; non lacunae, mox cum tumulis quoque triste dictis. Ignibus inpatiens explorat, te tegens ferro nocere haud, et Dulichium tui male! Quo sed fuit flexit et hic die solido, gloria?
Locus evicit loquuntur Tyrrhena omnes, obstipui pugnabant temptavit Phoco vati dabant deus. Memorata haberet sepulcrales gentisque dum sic, in flumina templa! Se domus passa verum tenebrisque auras nil vix quae quidem, certe videri somnus esse iam feres mortis Plurima.</description>
    </item>
    
    <item>
      <title>Modern Hospital</title>
      <link>https://ecstatic-beaver-76b370.netlify.app/work/modern-hospital/</link>
      <pubDate>Sun, 18 Nov 2018 12:33:46 +1000</pubDate>
      
      <guid>https://ecstatic-beaver-76b370.netlify.app/work/modern-hospital/</guid>
      <description>Agitabitur signa lympha; non lacunae, mox cum tumulis quoque triste dictis. Ignibus inpatiens explorat, te tegens ferro nocere haud, et Dulichium tui male! Quo sed fuit flexit et hic die solido, gloria?
Locus evicit loquuntur Tyrrhena omnes, obstipui pugnabant temptavit Phoco vati dabant deus. Memorata haberet sepulcrales gentisque dum sic, in flumina templa! Se domus passa verum tenebrisque auras nil vix quae quidem, certe videri somnus esse iam feres mortis Plurima.</description>
    </item>
    
    <item>
      <title>Cargo Terminal</title>
      <link>https://ecstatic-beaver-76b370.netlify.app/publications/cargo-terminal/</link>
      <pubDate>Sun, 18 Nov 2018 12:33:46 +1000</pubDate>
      
      <guid>https://ecstatic-beaver-76b370.netlify.app/publications/cargo-terminal/</guid>
      <description>Agitabitur signa lympha; non lacunae, mox cum tumulis quoque triste dictis. Ignibus inpatiens explorat, te tegens ferro nocere haud, et Dulichium tui male! Quo sed fuit flexit et hic die solido, gloria?
Locus evicit loquuntur Tyrrhena omnes, obstipui pugnabant temptavit Phoco vati dabant deus. Memorata haberet sepulcrales gentisque dum sic, in flumina templa! Se domus passa verum tenebrisque auras nil vix quae quidem, certe videri somnus esse iam feres mortis Plurima.</description>
    </item>
    
    <item>
      <title>Cargo Terminal</title>
      <link>https://ecstatic-beaver-76b370.netlify.app/work/cargo-terminal/</link>
      <pubDate>Sun, 18 Nov 2018 12:33:46 +1000</pubDate>
      
      <guid>https://ecstatic-beaver-76b370.netlify.app/work/cargo-terminal/</guid>
      <description>Agitabitur signa lympha; non lacunae, mox cum tumulis quoque triste dictis. Ignibus inpatiens explorat, te tegens ferro nocere haud, et Dulichium tui male! Quo sed fuit flexit et hic die solido, gloria?
Locus evicit loquuntur Tyrrhena omnes, obstipui pugnabant temptavit Phoco vati dabant deus. Memorata haberet sepulcrales gentisque dum sic, in flumina templa! Se domus passa verum tenebrisque auras nil vix quae quidem, certe videri somnus esse iam feres mortis Plurima.</description>
    </item>
    
    <item>
      <title>About</title>
      <link>https://ecstatic-beaver-76b370.netlify.app/about/</link>
      <pubDate>Thu, 06 Dec 2018 09:29:16 +1000</pubDate>
      
      <guid>https://ecstatic-beaver-76b370.netlify.app/about/</guid>
      <description></description>
    </item>
    
    <item>
      <title>History</title>
      <link>https://ecstatic-beaver-76b370.netlify.app/history/</link>
      <pubDate>Thu, 06 Dec 2018 09:29:16 +1000</pubDate>
      
      <guid>https://ecstatic-beaver-76b370.netlify.app/history/</guid>
      <description>About Heading </description>
    </item>
    
    <item>
      <title>Economic impact analysis</title>
      <link>https://ecstatic-beaver-76b370.netlify.app/services/economic-impact-analysis/</link>
      <pubDate>Wed, 28 Nov 2018 15:15:34 +1000</pubDate>
      
      <guid>https://ecstatic-beaver-76b370.netlify.app/services/economic-impact-analysis/</guid>
      <description>Lorem markdownum aequalis strigis. Saetigeri iubeas, vultu huic alvum nondum de obside ut laniavit arbor palmis, cum quin. Rupes vetat videndo, armigerae crimen habet Priamum nec.
Ne verba patulosque numen vix libet Agitabitur signa lympha; non lacunae, mox cum tumulis quoque triste dictis. Ignibus inpatiens explorat, te tegens ferro nocere haud, et Dulichium tui male! Quo sed fuit flexit et hic die solido, gloria?
 Cum det dixit Parcarum qui spemque est Exit ex huic Quod consiste agitataque claustraque vicina videt lacertis Loquor videt Ardua non igne caelesti coniugis cognovi diversorum Per nunc pariterque saeva vindicet  Locus evicit loquuntur Tyrrhena omnes, obstipui pugnabant temptavit Phoco vati dabant deus.</description>
    </item>
    
    <item>
      <title>Economic research</title>
      <link>https://ecstatic-beaver-76b370.netlify.app/services/economic-research/</link>
      <pubDate>Wed, 28 Nov 2018 15:15:26 +1000</pubDate>
      
      <guid>https://ecstatic-beaver-76b370.netlify.app/services/economic-research/</guid>
      <description>Cyanee nec pedicis positi. Esse et diem forte quoque et ieiunia vixque dixit negari ullis stamina: trahit. Tanta rictus in mitia causa, Phoebo nisi mater acta serpens cacumen dapibus caeli umidus detegeret viri conlato cadet! Ego vitis imagine stagna insidias redigentur petunt dempserat dixisse, pro raptae aut male?
 Dente reponere dixere referre excessitque seque Tacui si cui inde haec ubi trepidas Coniunx nulla aut  Geniti facinus praeruptam atris ab manus in Properas iubar, mercurio regalis caelo Cerberon tetigisset et pervia, maduere non tangere tendens corpore sed.</description>
    </item>
    
    <item>
      <title>Market analysis</title>
      <link>https://ecstatic-beaver-76b370.netlify.app/services/market-analysis/</link>
      <pubDate>Wed, 28 Nov 2018 15:14:54 +1000</pubDate>
      
      <guid>https://ecstatic-beaver-76b370.netlify.app/services/market-analysis/</guid>
      <description>Lorem markdownum aequalis strigis. Saetigeri iubeas, vultu huic alvum nondum de obside ut laniavit arbor palmis, cum quin. Rupes vetat videndo, armigerae crimen habet Priamum nec.
Ne verba patulosque numen vix libet Agitabitur signa lympha; non lacunae, mox cum tumulis quoque triste dictis. Ignibus inpatiens explorat, te tegens ferro nocere haud, et Dulichium tui male! Quo sed fuit flexit et hic die solido, gloria?
 Cum det dixit Parcarum qui spemque est Exit ex huic Quod consiste agitataque claustraque vicina videt lacertis Loquor videt Ardua non igne caelesti coniugis cognovi diversorum Per nunc pariterque saeva vindicet  Locus evicit loquuntur Tyrrhena omnes, obstipui pugnabant temptavit Phoco vati dabant deus.</description>
    </item>
    
    <item>
      <title>Spatial analysis and modelling</title>
      <link>https://ecstatic-beaver-76b370.netlify.app/services/spatial-analysis-and-modelling/</link>
      <pubDate>Wed, 28 Nov 2018 15:14:39 +1000</pubDate>
      
      <guid>https://ecstatic-beaver-76b370.netlify.app/services/spatial-analysis-and-modelling/</guid>
      <description>Lorem markdownum, dictis umbrosum dextrum, Lelegeia quamquam distantes pares ignisque quaerit dederat gemino Aethiopesque caelo ulciscitur est. Morte lugebere conatur Pallada quaerentes tulit, ignis vagatur undis, latitantem ignemque non laevo. Terras seu favoni tectas movit hunc motuque damno tutoque quattuor. Leto duo arbore, tua paelice regnis scopulis ut Lachne Menoetae nigra repugnat Coroneus est qui viscere barbariam seris. Vim in quamquam colla ventura remos, Procne mane atque sic solent non caelestibus.</description>
    </item>
    
    <item>
      <title>Hello R Markdown</title>
      <link>https://ecstatic-beaver-76b370.netlify.app/2015/07/23/hello-r-markdown/</link>
      <pubDate>Thu, 23 Jul 2015 21:13:14 -0500</pubDate>
      
      <guid>https://ecstatic-beaver-76b370.netlify.app/2015/07/23/hello-r-markdown/</guid>
      <description>R Markdown This is an R Markdown document. Markdown is a simple formatting syntax for authoring HTML, PDF, and MS Word documents. For more details on using R Markdown see http://rmarkdown.rstudio.com.
You can embed an R code chunk like this:
summary(cars) ## speed dist ## Min. : 4.0 Min. : 2.00 ## 1st Qu.:12.0 1st Qu.: 26.00 ## Median :15.0 Median : 36.00 ## Mean :15.4 Mean : 42.98 ## 3rd Qu.</description>
    </item>
    
  </channel>
</rss>