<?xml version="1.0" encoding="utf-8" standalone="yes"?>
<rss version="2.0" xmlns:atom="http://www.w3.org/2005/Atom">
  <channel>
    <title>Categories on Principal Economics</title>
    <link>https://ecstatic-beaver-76b370.netlify.app/categories/</link>
    <description>Recent content in Categories on Principal Economics</description>
    <generator>Hugo -- gohugo.io</generator>
    <language>en-us</language>
    <lastBuildDate>Thu, 23 Jul 2015 21:13:14 -0500</lastBuildDate>
    
	<atom:link href="https://ecstatic-beaver-76b370.netlify.app/categories/index.xml" rel="self" type="application/rss+xml" />
    
    
    <item>
      <title>R</title>
      <link>https://ecstatic-beaver-76b370.netlify.app/categories/r/</link>
      <pubDate>Thu, 23 Jul 2015 21:13:14 -0500</pubDate>
      
      <guid>https://ecstatic-beaver-76b370.netlify.app/categories/r/</guid>
      <description></description>
    </item>
    
  </channel>
</rss>