<?xml version="1.0" encoding="utf-8" standalone="yes"?>
<rss version="2.0" xmlns:atom="http://www.w3.org/2005/Atom">
  <channel>
    <title>Contact on Principal Economics</title>
    <link>https://ecstatic-beaver-76b370.netlify.app/contact/</link>
    <description>Recent content in Contact on Principal Economics</description>
    <generator>Hugo -- gohugo.io</generator>
    <language>en-us</language>
    <lastBuildDate>Thu, 22 Feb 2018 17:01:34 +0700</lastBuildDate>
    
	<atom:link href="https://ecstatic-beaver-76b370.netlify.app/contact/index.xml" rel="self" type="application/rss+xml" />
    
    
  </channel>
</rss>