<?xml version="1.0" encoding="utf-8" standalone="yes"?>
<rss version="2.0" xmlns:atom="http://www.w3.org/2005/Atom">
  <channel>
    <title>Work on Principal Economics</title>
    <link>/www.example.com/publications-copy/</link>
    <description>Recent content in Work on Principal Economics</description>
    <generator>Hugo -- gohugo.io</generator>
    <language>en-us</language>
    <lastBuildDate>Sat, 10 Feb 2018 11:52:18 +0700</lastBuildDate>
    
	<atom:link href="/www.example.com/publications-copy/index.xml" rel="self" type="application/rss+xml" />
    
    
    <item>
      <title>Fall Plaza</title>
      <link>/www.example.com/publications-copy/fall-plaza/</link>
      <pubDate>Sun, 18 Nov 2018 12:33:46 +1000</pubDate>
      
      <guid>/www.example.com/publications-copy/fall-plaza/</guid>
      <description>Agitabitur signa lympha; non lacunae, mox cum tumulis quoque triste dictis. Ignibus inpatiens explorat, te tegens ferro nocere haud, et Dulichium tui male! Quo sed fuit flexit et hic die solido, gloria?
Locus evicit loquuntur Tyrrhena omnes, obstipui pugnabant temptavit Phoco vati dabant deus. Memorata haberet sepulcrales gentisque dum sic, in flumina templa! Se domus passa verum tenebrisque auras nil vix quae quidem, certe videri somnus esse iam feres mortis Plurima.</description>
    </item>
    
    <item>
      <title>Modern Hospital</title>
      <link>/www.example.com/publications-copy/modern-hospital/</link>
      <pubDate>Sun, 18 Nov 2018 12:33:46 +1000</pubDate>
      
      <guid>/www.example.com/publications-copy/modern-hospital/</guid>
      <description>Agitabitur signa lympha; non lacunae, mox cum tumulis quoque triste dictis. Ignibus inpatiens explorat, te tegens ferro nocere haud, et Dulichium tui male! Quo sed fuit flexit et hic die solido, gloria?
Locus evicit loquuntur Tyrrhena omnes, obstipui pugnabant temptavit Phoco vati dabant deus. Memorata haberet sepulcrales gentisque dum sic, in flumina templa! Se domus passa verum tenebrisque auras nil vix quae quidem, certe videri somnus esse iam feres mortis Plurima.</description>
    </item>
    
    <item>
      <title>Cargo Terminal</title>
      <link>/www.example.com/publications-copy/cargo-terminal/</link>
      <pubDate>Sun, 18 Nov 2018 12:33:46 +1000</pubDate>
      
      <guid>/www.example.com/publications-copy/cargo-terminal/</guid>
      <description>Agitabitur signa lympha; non lacunae, mox cum tumulis quoque triste dictis. Ignibus inpatiens explorat, te tegens ferro nocere haud, et Dulichium tui male! Quo sed fuit flexit et hic die solido, gloria?
Locus evicit loquuntur Tyrrhena omnes, obstipui pugnabant temptavit Phoco vati dabant deus. Memorata haberet sepulcrales gentisque dum sic, in flumina templa! Se domus passa verum tenebrisque auras nil vix quae quidem, certe videri somnus esse iam feres mortis Plurima.</description>
    </item>
    
  </channel>
</rss>