[
  {
    "title": "Client driven, timely advice",
    "description": "We provide advice within the scope and the timeframe.",
    "image": "features/noun_branding_1885335.svg"
  },
  {
    "title": "Experienced economists",
    "description": "Our experienced team provide practical and clearly-explained guidance.",
    "image": "features/noun_The Process_1885341.svg"
  },
  {
    "title": "Evidence based",
    "description": "Experience in providing robust evidence based advice to domestic and international clients.",
    "image": "features/noun_3d modeling_1885342.svg"
  }
]
