<?xml version="1.0" encoding="utf-8" standalone="yes"?>
<rss version="2.0" xmlns:atom="http://www.w3.org/2005/Atom">
  <channel>
    <title>Page Not Found on Principal Economics</title>
    <link>https://ecstatic-beaver-76b370.netlify.app/404/</link>
    <description>Recent content in Page Not Found on Principal Economics</description>
    <generator>Hugo -- gohugo.io</generator>
    <language>en-us</language>
    <lastBuildDate>Sat, 10 Feb 2018 10:52:03 +0700</lastBuildDate>
    
	<atom:link href="https://ecstatic-beaver-76b370.netlify.app/404/index.xml" rel="self" type="application/rss+xml" />
    
    
  </channel>
</rss>